<code_scheme name="Default" version="173">
  <option name="RIGHT_MARGIN" value="80" />
  <option name="WRAP_WHEN_TYPING_REACHES_RIGHT_MARGIN" value="true" />
  <Python>
    <option name="BLANK_LINE_AT_FILE_END" value="false" />
    <option name="NEW_LINE_AFTER_COLON" value="true" />
    <option name="USE_CONTINUATION_INDENT_FOR_ARGUMENTS" value="true" />
    <option name="FROM_IMPORT_WRAPPING" value="0" />
    <option name="FROM_IMPORT_NEW_LINE_AFTER_LEFT_PARENTHESIS" value="true" />
  </Python>
  <codeStyleSettings language="Python">
    <option name="ALIGN_MULTILINE_PARAMETERS" value="false" />
    <option name="CALL_PARAMETERS_WRAP" value="5" />
    <option name="CALL_PARAMETERS_LPAREN_ON_NEXT_LINE" value="true" />
    <option name="CALL_PARAMETERS_RPAREN_ON_NEXT_LINE" value="true" />
    <option name="METHOD_PARAMETERS_WRAP" value="5" />
    <option name="METHOD_PARAMETERS_LPAREN_ON_NEXT_LINE" value="true" />
    <option name="METHOD_PARAMETERS_RPAREN_ON_NEXT_LINE" value="true" />
    <option name="WRAP_ON_TYPING" value="1" />
  </codeStyleSettings>
</code_scheme>