<profile version="1.0">
  <option name="myName" value="Default" />
  <inspection_tool class="PyPackageRequirementsInspection" enabled="true" level="WARNING" enabled_by_default="true">
    <option name="ignoredPackages">
      <value>
        <list size="7">
          <item index="0" class="java.lang.String" itemvalue="beautifulsoup4" />
          <item index="1" class="java.lang.String" itemvalue="chardet" />
          <item index="2" class="java.lang.String" itemvalue="certifi" />
          <item index="3" class="java.lang.String" itemvalue="soupsieve" />
          <item index="4" class="java.lang.String" itemvalue="requests" />
          <item index="5" class="java.lang.String" itemvalue="urllib3" />
          <item index="6" class="java.lang.String" itemvalue="idna" />
        </list>
      </value>
    </option>
  </inspection_tool>
</profile>